<?xml version="1.0" encoding="UTF-8"?>

<beans xmlns="http://www.springframework.org/schema/beans"

       xmlns:xsi="http://www.w3.org/2001/XMLSchema-instance"

       xsi:schemaLocation="http://www.springframework.org/schema/beans

           http://www.springframework.org/schema/beans/spring-beans.xsd">


    <!-- bean definitions here -->

    

    <bean id="college" class="com.example.demo.College" scope="singleton">

    		<property name="name" value="RV"></property>

    		<property name="adress" value="Bangalore"></property>

    

    </bean>

    

    <bean id="department" class="com.example.demo.Department" scope="prototype">

    		<constructor-arg name="college" ref="college"></constructor-arg>

    

    </bean>


</beans>