<?xml version="1.0" encoding="UTF-8"?>
<!DOCTYPE hibernate-configuration PUBLIC  
   "-//Hibernate/Hibernate Configuration DTD 5.3//EN"  
   "http://hibernate.org/dtd/hibernate-configuration-5.3.dtd">

<hibernate-configuration>  
   <session-factory>  
      <property name="hbm2ddl.auto">update</property>  
      <property name="dialect">org.hibernate.dialect.MySQL8Dialect</property>  
      <property name="connection.url">jdbc:mysql://localhost:3306/student</property>  
      <property name="connection.username">root</property>  
      <property name="connection.password">Agh@2002</property>  
      <property name="connection.driver_class">com.mysql.cj.jdbc.Driver</property> 
      <property name="hibernate.show_sql">true</property>
      <mapping resource="Studentmap.hbm.xml"/>  
    </session-factory>  
</hibernate-configuration>